"Commodities/Industries","111CA","113FF","211","212","213","22","23","321","327","331","332","333","334","335","3361MV","3364OT","337","339","311FT","313TT","315AL","322","323","324","325","326","42","441","445","452","4A0","481","482","483","484","485","486","487OS","493","511","512","513","514","521CI","523","524","525","HS","ORE","532RL","5411","5415","5412OP","55","561","562","61","621","622","623","624","711AS","713","721","722","81","GFGD","GFGN","GFE","GSLG","GSLE","T007","MCIF","MADJ","T013","Trade","Trans","T014","MDTY","TOP","SUB","T015","T016"
"IOCode","Name","Farms","Forestry, fishing, and related activities","Oil and gas extraction","Mining, except oil and gas","Support activities for mining","Utilities","Construction","Wood products","Nonmetallic mineral products","Primary metals","Fabricated metal products","Machinery","Computer and electronic products","Electrical equipment, appliances, and components","Motor vehicles, bodies and trailers, and parts","Other transportation equipment","Furniture and related products","Miscellaneous manufacturing","Food and beverage and tobacco products","Textile mills and textile product mills","Apparel and leather and allied products","Paper products","Printing and related support activities","Petroleum and coal products","Chemical products","Plastics and rubber products","Wholesale trade","Motor vehicle and parts dealers","Food and beverage stores","General merchandise stores","Other retail","Air transportation","Rail transportation","Water transportation","Truck transportation","Transit and ground passenger transportation","Pipeline transportation","Other transportation and support activities","Warehousing and storage","Publishing industries, except internet (includes software)","Motion picture and sound recording industries","Broadcasting and telecommunications","Data processing, internet publishing, and other information services","Federal Reserve banks, credit intermediation, and related activities","Securities, commodity contracts, and investments","Insurance carriers and related activities","Funds, trusts, and other financial vehicles","Housing","Other real estate","Rental and leasing services and lessors of intangible assets","Legal services","Computer systems design and related services","Miscellaneous professional, scientific, and technical services","Management of companies and enterprises","Administrative and support services","Waste management and remediation services","Educational services","Ambulatory health care services","Hospitals","Nursing and residential care facilities","Social assistance","Performing arts, spectator sports, museums, and related activities","Amusements, gambling, and recreation industries","Accommodation","Food services and drinking places","Other services, except government","Federal general government (defense)","Federal general government (nondefense)","Federal government enterprises","State and local general government","State and local government enterprises","Total Commodity Output","Imports","CIF/FOB Adjustments on Imports","Total product supply (basic prices)","Trade margins","Transport margins","Total trade and transportation margins","Import duties","Tax on products","Subsidies","Total tax less subsidies on products","Total product supply (purchaser prices)"
"111CA","Farms",392402,21,"...","...","...","...","...","...","...","...","...","...","...","...","...","...","...","...","...","...","...","...","...","...","...","...","...","...","...","...",154,"...","...","...","...","...","...","...","...","...","...","...","...","...","...","...","...","...","...","...","...","...","...","...","...","...","...","...","...","...","...","...","...","...","...","...","...","...","...",572,"...",393150,42871,"...",436021,88715,58864,147580,58,5882,-12068,-6128,577472
"113FF","Forestry, fishing, and related activities",5958,56057,"...","...","...","...","...","...","...","...","...","...","...","...","...","...","...","...","...","...","...","...","...","...","...","...",807,"...","...","...","...",1146,"...","...","...","...","...","...","...","...","...","...","...","...","...","...","...","...","...","...","...","...","...","...","...","...","...","...","...","...","...","...","...","...","...","...","...",127,"...",3338,"...",67433,18273,"...",85706,9996,4372,14368,53,900,"...",953,101028
"211","Oil and gas extraction","...","...",314537,0,73,101,"...","...",5,"...","...","...","...","...","...","...","...","...","...","...","...","...","...",21,"...","...","...","...","...","...","...","...","...","...","...","...","...","...","...","...","...","...","...","...","...","...","...","...","...","...","...","...","...","...","...",84,"...","...","...","...","...","...","...","...","...","...","...","...","...","...","...",314819,174017,"...",488836,12162,55799,67961,139,13429,"...",13569,570365
"212","Mining, except oil and gas","...","...",80,83388,62,"...","...","...",658,"...","...","...","...","...","...","...","...","...","...","...","...","...","...",207,4,"...","...","...","...","...","...","...","...","...","...","...","...","...","...","...","...","...","...","...","...","...","...","...","...","...","...","...","...","...","...","...","...","...","...","...","...","...","...","...","...","...","...","...","...",657,"...",85056,0,"...",85057,8458,31020,39478,4,3625,"...",3628,128163
"213","Support activities for mining","...","...",53279,5792,97294,"...","...","...",1,"...","...","...","...","...","...","...","...","...","...","...","...","...","...","...","...","...","...","...","...","...","...","...","...","...","...","...","...","...","...","...","...","...","...","...","...","...","...","...","...","...","...","...","...","...","...","...","...","...","...","...","...","...","...","...","...","...","...","...","...","...","...",156367,742,"...",157109,"...","...","...","...",0,"...",0,157109
"22","Utilities","...","...","...","...","...",470055,"...","...","...","...","...","...","...","...","...","...","...","...","...","...","...","...","...","...","...","...","...","...","...","...","...","...","...","...","...","...",156,"...","...","...","...","...","...","...","...","...","...","...","...","...","...","...","...","...","...","...","...","...","...","...","...","...","...","...","...","...","...",65,14084,1224,136587,622170,2491,"...",624661,"...","...","...","...",31458,"...",31458,656119
"23","Construction","...",744,740,10404,6323,2662,1605712,524,688,186,1627,607,47,64,453,676,331,1399,150,41,0,70,11,242,120,87,4427,7,0,2107,6016,57,151,1,25,1,81,132,66,20,48,1199,948,3,1,3,0,20440,763,54,2,7,541,78,1150,1,682,384,1259,39,115,581,515,1729,741,469,4,281,"...",20738,"...",1699775,"...","...",1699775,"...","...","...","...",1936,"...",1936,1701712
"321","Wood products",12,"...","...","...","...","...","...",112642,1,"...",249,"...",2,"...","...","...",420,48,"...","...","...",139,"...","...",0,137,"...","...","...","...","...","...","...","...","...","...","...","...","...","...","...","...","...","...","...","...","...","...","...","...","...","...","...","...","...","...","...","...","...","...","...","...","...","...","...","...","...","...","...",215,"...",113864,22973,"...",136838,35105,8447,43552,367,3733,"...",4099,184489
"327","Nonmetallic mineral products","...","...","...",405,"...","...","...",296,127666,6,149,186,31,41,4,"...",186,66,"...","...","...",157,"...",229,24,201,"...","...","...","...","...","...","...","...","...","...","...","...","...","...","...","...","...","...","...","...","...","...","...","...","...","...","...","...","...","...","...","...","...","...","...","...","...","...","...","...","...","...","...","...","...",129647,28186,"...",157833,46656,25883,72539,1036,5366,"...",6401,236773
"331","Primary metals","...","...","...","...","...","...","...","...","...",248524,3431,31,27,1213,25,0,8,81,"...",2,"...",1,"...","...",96,31,"...","...","...","...","...","...","...","...","...","...","...","...","...","...","...","...","...","...","...","...","...","...","...","...","...","...","...","...","...","...","...","...","...","...","...","...","...","...","...","...","...",1,"...","...","...",253471,86901,"...",340373,36403,13050,49453,4721,1471,"...",6192,396018
"332","Fabricated metal products","...","...",21,"...",832,"...","...",356,229,1308,370521,2934,203,309,750,362,275,329,"...",108,"...",7,100,"...",122,469,10,"...","...","...","...","...","...","...","...","...","...","...","...","...","...","...","...","...","...","...","...","...","...","...","...","...","...","...","...","...","...","...","...","...","...","...","...","...","...","...","...","...","...","...","...",379245,72924,"...",452169,110200,12657,122857,2617,10764,"...",13381,588407
"333","Machinery","...","...",195,"...","...","...","...","...",3,247,3627,371729,708,439,1521,1556,68,167,"...",28,"...","...","...",0,238,600,542,"...","...","...","...","...","...","...","...","...","...","...","...","...","...","...","...","...","...","...","...","...","...","...","...","...","...","...","...","...","...","...","...","...","...","...","...","...","...","...",2,"...","...","...","...",381672,181648,"...",563320,180087,16012,196100,3313,11555,"...",14867,774287
"334","Computer and electronic products","...","...","...","...","...","...","...","...",0,0,599,1163,307485,995,45,1561,0,557,"...","...","...",731,54,"...",974,136,149,"...","...","...","...","...","...","...","...","...","...","...","...","...",10,"...","...","...","...","...","...","...","...","...","...","...","...","...","...","...","...","...","...","...","...","...","...","...","...","...","...","...","...","...","...",314461,358807,"...",673268,235868,9786,245654,2970,15415,"...",18386,937308
"335","Electrical equipment, appliances, and components","...","...","...","...","...","...","...","...",303,777,269,1459,803,127409,69,109,1,69,"...","...","...","...","...",4,126,90,"...","...","...","...","...","...","...","...","...","...","...","...","...","...","...","...","...","...","...","...","...","...","...","...","...","...","...","...","...","...","...","...","...","...","...","...","...","...","...","...","...","...","...","...","...",131489,110122,"...",241611,109565,7867,117432,3610,9326,-261,12676,371719
"3361MV","Motor vehicles, bodies and trailers, and parts","...","...","...","...","...","...","...","...",0,"...",1776,1178,18,339,729952,89,1,47,"...",25,"...","...","...","...",0,252,376,"...","...","...","...","...","...","...","...","...","...","...","...","...","...","...","...","...","...","...","...","...","...","...","...","...","...","...","...","...","...","...","...","...","...","...","...","...","...","...","...","...","...","...","...",734055,343198,"...",1077252,205697,16039,221736,4856,30519,"...",35376,1334364
"3364OT","Other transportation equipment","...","...","...","...","...","...","...","...",7,"...",771,328,4620,77,653,315213,"...",327,"...",1,"...","...","...","...",2,332,13,"...","...","...","...","...","...","...","...","...","...","...","...","...","...","...","...","...","...","...","...","...","...","...","...","...","...","...","...","...","...","...","...","...","...","...","...","...","...","...","...","...","...","...","...",322344,60183,"...",382527,27479,4117,31596,505,2048,"...",2553,416676
"337","Furniture and related products","...","...","...","...","...","...","...",495,117,0,138,6,14,2,43,"...",73750,262,"...",311,"...",0,"...","...","...",221,30,"...","...","...","...","...","...","...","...","...","...","...","...","...","...","...","...","...","...","...","...","...","...","...","...","...","...","...","...","...","...","...","...","...","...","...","...","...","...","...","...","...","...","...","...",75389,48392,"...",123781,88567,14920,103487,755,10267,"...",11022,238290
"339","Miscellaneous manufacturing","...","...","...","...","...","...","...",2,1,"...",241,378,1186,146,115,"...",274,152743,"...",131,"...",108,525,"...",552,712,1598,"...","...","...",2348,"...","...","...","...","...","...","...","...","...","...","...","...","...","...","...","...","...","...","...","...","...","...","...","...","...","...","...","...","...","...","...","...","...","...","...",1,76,"...",1216,"...",162352,96892,"...",259244,203801,14923,218724,1483,15931,"...",17414,495382
"311FT","Food and beverage and tobacco products","...","...","...","...","...","...","...","...","...","...","...",8,"...","...","...","...","...","...",938176,"...","...","...","...","...",8272,"...",3747,"...",9644,2718,54,"...","...","...","...","...","...","...","...","...","...","...","...","...","...","...","...","...","...","...","...","...","...","...","...","...","...","...","...","...","...","...","...","...","...","...","...","...","...",2214,"...",964832,99617,"...",1064449,457085,26563,483648,1295,87113,"...",88408,1636504
"313TT","Textile mills and textile product mills","...","...","...","...","...","...","...",1,535,24,2,84,1,65,94,29,176,78,1,51479,31,161,650,0,28,664,"...","...","...","...","...","...","...","...","...","...","...","...","...","...","...","...","...","...","...","...","...","...","...","...","...","...","...","...","...","...","...","...","...","...","...","...","...","...","...","...","...","...","...","...","...",54103,32968,"...",87071,71305,4498,75803,2062,6897,"...",8959,171833
"315AL","Apparel and leather and allied products","...","...","...","...","...","...","...","...","...","...",0,"...","...","...","...","...",0,5,5,139,19075,"...",25,"...","...","...","...","...","...","...",296,"...","...","...","...","...","...","...","...","...","...","...","...","...","...","...","...","...","...","...","...","...","...","...","...","...","...","...","...","...","...","...","...","...","...","...","...","...","...",1309,"...",20854,131876,"...",152731,241211,7733,248944,18403,25448,"...",43850,445525
"322","Paper products","...","...","...","...","...","...","...",168,228,3,3,8,5,105,"...","...",17,143,118,25,"...",184115,945,2,177,1620,"...","...","...","...","...","...","...","...","...","...","...","...","...","...","...","...","...","...","...","...","...","...","...","...","...","...","...","...","...","...","...","...","...","...","...","...","...","...","...","...","...","...","...",650,"...",188331,25612,"...",213943,45821,12317,58138,264,3761,"...",4026,276107
"323","Printing and related support activities","...","...","...","...","...","...","...","...","...","...",183,"...",10,"...","...","...",10,332,"...",77,"...",316,63132,"...",1,195,"...","...","...","...",31,"...","...","...","...","...","...","...","...",1463,"...","...","...","...","...","...","...","...","...","...","...","...",613,"...",3047,"...","...","...","...","...","...","...","...","...","...","...","...",10,"...",1721,"...",71143,2917,"...",74060,14055,3261,17316,18,1107,"...",1124,92500
"324","Petroleum and coal products","...","...",29052,106,2,"...","...","...",36,2492,7,1,"...",0,"...","...","...",28,"...","...","...","...","...",623615,1635,16,"...","...","...","...","...","...","...","...","...","...","...","...","...","...","...","...","...","...","...","...","...","...","...","...","...","...","...","...","...","...","...","...","...","...","...","...","...","...","...","...","...","...","...","...","...",656992,71993,"...",728985,152646,29918,182564,160,110797,-1188,109769,1021318
"325","Chemical products","...","...",249,2646,"...","...","...",20,132,263,175,160,308,245,11,9,16,328,3456,3277,"...",169,"...",23394,757210,857,"...","...","...","...","...","...","...","...","...","...","...","...","...","...","...","...","...","...","...","...","...","...","...","...","...","...","...","...","...","...","...","...","...","...","...","...","...","...","...","...","...",8,"...",108,"...",793042,233139,"...",1026181,454604,35654,490259,2491,29259,-14,31737,1548176
"326","Plastics and rubber products","...","...","...","...","...","...","...",239,168,0,1455,254,347,23,294,33,150,869,2,73,"...",732,462,1,3261,222213,"...","...","...","...","...","...","...","...","...","...","...","...","...","...","...","...","...","...","...","...","...","...","...","...","...","...","...","...","...","...","...","...","...","...","...","...","...","...","...","...","...","...","...","...","...",230577,57289,"...",287866,97508,6167,103676,1997,9407,"...",11404,402945
"42","Wholesale trade","...","...",528,238,474,"...","...",1081,1364,964,4811,8946,3764,1967,3024,1701,1539,5520,6641,794,571,1515,790,4717,10085,2876,1698862,"...","...","...","...",20,"...","...","...",13,"...",87,"...",11971,11,4653,594,"...","...","...","...","...","...",383,"...",3672,"...","...","...","...","...","...","...","...","...","...","...","...","...",586,"...","...","...","...","...",1784762,"...","...",1784762,-1679852,"...",-1679852,"...",0,"...",0,104910
"441","Motor vehicle and parts dealers","...","...","...","...","...","...","...","...","...","...","...","...","...","...","...","...","...","...","...","...","...","...","...","...","...","...","...",183185,"...","...","...","...","...","...","...","...","...","...","...","...","...","...","...","...","...","...","...","...","...",60,"...","...","...","...","...","...","...","...","...","...","...","...",340,14,"...",2116,"...","...","...","...","...",185715,"...","...",185715,-185715,"...",-185715,"...",0,"...",0,0
"445","Food and beverage stores","...","...","...","...","...","...","...","...","...","...","...","...","...","...","...","...","...","...","...","...","...","...","...","...","...","...","...","...",198747,"...","...","...","...","...","...","...","...",8,"...","...","...","...","...","...","...","...","...","...","...",265,"...","...","...","...","...","...","...","...","...","...","...","...","...",374,814,"...","...","...","...","...",5409,205617,"...","...",205617,-205617,"...",-205617,"...",0,"...",0,0
"452","General merchandise stores","...","...","...","...","...","...","...","...","...","...","...","...","...","...","...","...","...","...","...","...","...","...","...","...","...","...","...","...","...",181165,"...","...","...","...","...","...","...","...","...","...","...","...","...","...","...","...","...","...","...","...","...","...",478,"...","...","...","...","...","...","...",54,"...","...",423,"...",158,"...","...",3211,"...","...",185489,"...","...",185489,-185489,"...",-185489,"...",0,"...",0,0
"4A0","Other retail","...","...","...","...","...",16,"...","...","...","...","...","...","...","...","...","...","...","...","...","...","...","...","...","...","...","...","...","...","...","...",878224,"...","...","...","...",11,"...",0,"...",117,607,747,805,"...","...","...","...","...","...",928,"...",315,4988,"...",773,128,1364,10144,1083,17,141,1408,2155,747,1742,3995,"...","...",36,"...","...",910493,"...","...",910493,-902520,"...",-902520,"...",0,"...",0,7972
"481","Air transportation","...","...","...","...","...","...","...","...","...","...","...","...","...","...","...","...","...","...","...","...","...","...","...","...","...","...","...","...","...","...","...",211031,"...","...","...","...","...",253,"...","...","...","...","...","...","...","...","...","...","...","...","...","...","...","...","...","...","...","...","...","...","...","...","...","...","...","...","...","...","...","...","...",211284,41005,-1115,251174,"...",-2736,-2736,"...",23293,-226,23066,271505
"482","Rail transportation","...","...","...","...","...","...","...","...","...","...","...","...","...","...","...","...","...","...","...","...","...","...","...","...","...","...","...","...","...","...","...","...",86515,"...","...","...","...","...","...","...","...","...","...","...","...","...","...","...","...","...","...","...","...","...","...","...","...","...","...","...","...","...","...","...","...","...","...","...","...","...",170,86686,0,-430,86256,"...",-74918,-74918,"...",783,-2597,-1814,9524
"483","Water transportation","...","...","...","...","...","...","...","...","...","...","...","...","...","...","...","...","...","...","...","...","...","...","...","...","...","...","...","...","...","...","...","...","...",50289,"...","...","...",1748,"...","...","...","...","...","...","...","...","...","...","...","...","...","...","...","...","...","...","...","...","...","...","...","...","...","...","...","...","...","...","...","...",359,52397,0,-8661,43736,"...",-11217,-11217,"...",211,-23,188,32706
"484","Truck transportation","...","...","...","...","...","...","...","...","...","...","...","...","...","...","...","...","...","...","...","...","...","...","...","...","...","...","...",32,"...","...","...","...","...","...",355401,"...","...",1825,1880,"...","...","...","...","...","...","...","...","...","...",897,"...","...","...","...","...","...","...","...","...","...","...","...","...","...","...","...","...","...","...","...","...",360036,0,-5094,354942,"...",-316780,-316780,"...",400,"...",400,38561
"485","Transit and ground passenger transportation","...","...","...","...","...","...","...","...","...","...","...","...","...","...","...","...","...","...","...","...","...","...","...","...","...","...","...","...","...","...","...","...","...","...","...",77230,"...",440,"...","...","...","...","...","...","...","...","...","...","...",40,"...","...","...","...","...","...","...","...","...","...","...","...","...","...","...","...","...","...","...","...",17622,95332,"...","...",95332,"...","...","...","...",1053,-69,984,96316
"486","Pipeline transportation","...","...","...","...","...",2920,"...","...","...","...","...","...","...","...","...","...","...","...","...","...","...","...","...","...","...","...",926,"...","...","...","...","...","...","...","...","...",51977,"...","...","...","...","...","...","...","...","...","...","...","...","...","...","...","...","...","...","...","...","...","...","...","...","...","...","...","...","...","...","...","...","...","...",55823,"...","...",55823,"...",-55178,-55178,"...",79,"...",79,724
"487OS","Other transportation and support activities","...","...","...","...","...","...","...","...","...","...","...","...","...","...","...","...","...","...","...","...","...","...","...","...","...","...",1154,471,"...","...",3454,592,"...",2489,3973,81,"...",242347,411,"...","...","...","...","...","...","...","...","...","...","...","...","...","...","...","...",17,"...","...","...","...","...","...","...","...","...","...","...","...","...","...",13661,268649,44,-3769,264924,"...","...","...","...",354,"...",354,265278
"493","Warehousing and storage","...","...","...","...","...","...","...","...","...","...","...","...","...","...","...","...","...","...","...","...","...","...","...","...","...","...",16,340,"...","...",48,"...","...","...",4658,"...","...",1586,137449,"...","...","...","...","...","...","...","...","...","...","...","...","...","...","...","...","...","...","...","...","...","...","...","...","...","...","...","...","...","...","...","...",144096,"...","...",144096,"...","...","...","...",169,"...",169,144266
"511","Publishing industries, except internet (includes software)","...","...","...","...","...","...","...","...","...","...","...","...","...","...","...","...","...","...","...","...","...","...","...","...","...","...","...","...","...","...","...","...","...","...","...","...","...","...","...",257730,"...","...",14756,"...","...","...","...","...","...","...","...",2646,"...","...","...","...","...","...","...","...","...","...","...","...","...","...","...",222,"...",553,"...",275907,4593,"...",280501,97249,4172,101422,"...",8464,"...",8464,390386
"512","Motion picture and sound recording industries","...","...","...","...","...","...","...","...","...","...","...","...","...","...","...","...","...","...","...","...","...","...","...","...","...","...","...","...","...","...",996,"...","...","...","...","...","...","...","...","...",157311,867,"...","...","...","...","...","...","...","...","...","...","...","...","...","...","...","...","...","...","...","...","...","...","...","...",42,"...",18,1,"...",159236,9665,"...",168900,11018,134,11152,0,4282,"...",4282,184335
"513","Broadcasting and telecommunications","...","...","...","...","...","...","...","...","...","...","...","...","...","...","...","...","...","...","...","...","...","...","...","...","...","...","...","...","...","...",63,"...","...","...","...","...","...","...","...","...","...",701536,267,"...","...","...","...","...","...","...","...",196,"...","...","...","...","...","...","...","...","...","...","...",256,"...","...","...","...","...","...","...",702318,253,"...",702571,"...","...","...","...",31190,-5,31185,733756
"514","Data processing, internet publishing, and other information services","...","...","...","...","...","...","...","...","...","...","...","...","...","...","...","...","...","...","...","...","...","...","...","...","...","...","...","...","...","...","...","...","...","...","...","...","...","...","...",12276,"...","...",253084,"...","...","...","...","...","...","...","...",15107,3105,"...","...","...","...","...","...","...","...","...","...","...","...",444,14,"...","...",2356,"...",286386,1324,"...",287710,"...","...","...","...",784,"...",784,288495
"521CI","Federal Reserve banks, credit intermediation, and related activities","...","...","...","...","...","...","...","...","...","...","...","...","...","...","...","...","...","...","...","...","...","...","...","...","...","...","...",5090,433,"...",260,"...","...","...","...","...","...","...","...","...","...","...","...",856482,28659,"...","...","...","...","...","...","...","...","...","...","...","...","...","...","...","...","...","...","...","...","...","...","...","...","...",25,890949,72,"...",891021,"...","...","...","...",0,-477,-477,890544
"523","Securities, commodity contracts, and investments","...","...","...","...","...","...","...","...","...","...","...","...","...","...","...","...","...","...","...","...","...","...","...","...","...","...","...","...","...","...","...","...","...","...","...","...","...","...","...","...","...","...","...",35834,631134,934,"...","...","...",9,"...","...",692,"...","...","...","...","...","...","...","...","...","...","...","...","...","...","...","...","...","...",668603,91,"...",668694,"...","...","...","...",1347,"...",1347,670041
"524","Insurance carriers and related activities","...","...","...","...","...","...","...","...","...","...","...","...","...","...","...","...","...","...","...","...","...","...","...","...","...","...","...","...","...","...","...","...","...","...","...","...","...",98,"...","...","...","...","...","...",8736,1155655,"...","...",148,997,"...","...","...","...",69,"...",105,"...","...","...","...","...","...","...","...","...","...","...",7731,"...",-376,1173162,42684,-752,1215094,"...","...","...","...",41074,-6272,34802,1249896
"525","Funds, trusts, and other financial vehicles","...","...","...","...","...","...","...","...","...","...","...","...","...","...","...","...","...","...","...","...","...","...","...","...","...","...","...","...","...","...","...","...","...","...","...","...","...","...","...","...","...","...","...","...","...","...",166208,"...","...","...","...","...","...","...","...","...","...","...","...","...","...","...","...","...","...","...","...",99,"...",29763,"...",196070,"...","...",196070,"...","...","...","...",173,"...",173,196243
"HS","Housing","...","...","...","...","...","...","...","...","...","...","...","...","...","...","...","...","...","...","...","...","...","...","...","...","...","...","...","...","...","...","...","...","...","...","...","...","...","...","...","...","...","...","...","...","...","...","...",2232196,"...","...","...","...","...","...","...","...","...","...","...","...","...","...","...","...","...","...","...","...","...","...",29300,2261496,"...","...",2261496,"...","...","...","...",0,-39497,-39497,2221999
"ORE","Other real estate","...","...","...","...","...","...","...","...","...","...","...","...","...","...","...","...","...","...","...","...","...","...","...","...","...","...","...","...","...","...","...","...","...","...","...",9,"...","...","...","...",135,"...","...","...","...","...","...","...",1366896,2884,"...","...","...","...",309,"...",76,"...","...",116,"...",947,169,1207,"...",1484,"...","...",806,"...",26884,1401922,"...","...",1401922,"...","...","...","...",1316,-1690,-374,1401548
"532RL","Rental and leasing services and lessors of intangible assets","...","...","...","...","...","...","...","...","...","...","...",22,"...","...","...","...","...","...","...","...","...","...","...","...","...","...",13473,855,363,251,3836,102,246,"...",346,"...","...",85,8,1,165,10359,334,87622,"...","...","...","...","...",319259,"...",354,12,"...",52,473,91,3226,1405,"...","...",1380,347,1296,"...",266,"...","...","...","...","...",446228,"...","...",446228,"...","...","...","...",16942,"...",16942,463170
"5411","Legal services","...","...","...","...","...","...","...","...","...","...","...","...","...","...","...","...","...","...","...","...","...","...","...","...","...","...","...","...","...","...","...","...","...","...","...","...","...","...","...","...","...","...","...","...","...",459,"...","...","...","...",347053,"...","...","...","...","...","...","...","...","...","...","...","...","...","...","...","...","...","...","...","...",347512,3857,"...",351369,"...","...","...","...",17011,"...",17011,368380
"5415","Computer systems design and related services","...",0,138,0,47,478,387,17,40,95,360,925,1373,318,330,748,53,586,133,11,14,53,177,34,564,190,17463,6,4,5,1568,211,138,11,99,0,36,343,183,13547,268,2005,23561,3446,1260,2603,0,84,257,178,354,423260,12123,13324,9838,26,4718,1276,2509,23,82,77,55,34,0,746,2405,2601,643,5771,"...",554214,32368,"...",586582,"...","...","...","...",4220,"...",4220,590802
"5412OP","Miscellaneous professional, scientific, and technical services","...","...",1681,131,674,172,457,104,795,556,3276,8695,56088,2511,15634,22279,287,13499,3310,318,247,1039,16019,184,49690,2747,1004,195,103,523,5594,1848,72,12,124,21,39,406,136,59834,3319,116635,131490,1991,932,2818,139,21,200,78,182,12805,1505323,5003,13617,88,28386,225,5473,20,13,9145,180,2,0,1407,23384,15554,"...",54871,"...",2203610,98757,"...",2302367,"...","...","...",0,5250,"...",5250,2307617
"55","Management of companies and enterprises","...","...","...","...","...","...","...","...","...","...","...","...","...","...","...","...","...","...","...","...","...","...","...","...","...","...","...","...","...","...","...","...","...","...","...","...","...","...","...","...","...","...","...","...","...","...","...","...","...","...","...","...","...",615747,"...","...","...","...","...","...","...","...","...","...","...","...","...","...","...","...","...",615747,"...","...",615747,"...","...","...","...",1543,"...",1543,617290
"561","Administrative and support services","...","...","...","...","...","...","...","...","...","...","...","...","...","...","...","...","...","...","...","...","...","...",117,"...","...","...",27,"...",213,200,1788,"...","...","...","...","...","...",110,"...",803,"...","...",697,"...","...","...","...","...","...","...","...",4854,2906,"...",955588,"...","...","...","...","...","...","...","...",0,"...","...","...","...","...",9301,"...",976606,1552,"...",978158,"...","...","...","...",6464,"...",6464,984623
"562","Waste management and remediation services","...","...","...","...","...","...","...","...","...","...","...","...","...","...","...","...","...","...","...","...","...","...","...","...","...","...","...","...","...","...","...","...","...","...",2131,"...","...","...","...","...","...","...","...","...","...","...","...","...","...","...","...","...","...","...",179,102756,"...","...","...","...","...","...","...","...","...","...","...","...","...",14653,"...",119720,185,"...",119905,"...","...","...","...",1933,"...",1933,121839
"61","Educational services","...","...","...","...","...","...","...","...","...","...","...","...","...","...","...","...","...","...","...","...","...","...","...","...","...","...","...",52,"...","...",199,"...","...","...","...","...","...","...","...",7733,"...","...",1055,"...","...","...","...","...","...",3,"...",1998,"...","...",180,"...",293464,"...","...","...","...",20,1306,"...","...",31,235,"...","...",100641,"...",406917,1420,"...",408337,"...","...","...","...",284,"...",284,408620
"621","Ambulatory health care services","...","...","...","...","...","...","...","...","...","...","...","...","...","...","...","...","...","...","...","...","...","...","...","...","...","...","...","...","...",1450,532,67,"...","...","...","...","...","...","...","...","...","...","...","...","...","...","...","...","...","...","...","...","...","...",15,"...","...",1082865,7957,1111,320,"...","...","...","...","...","...","...","...",36846,"...",1131163,"...","...",1131163,"...","...","...","...",525,"...",525,1131687
"622","Hospitals","...","...","...","...","...","...","...","...","...","...","...","...","...","...","...","...","...","...","...","...","...","...","...","...","...","...","...","...","...","...","...","...","...","...","...","...","...","...","...","...","...","...","...","...","...","...","...","...","...","...","...","...","...","...","...","...","...","...",918325,"...","...","...","...","...","...","...",1493,1652,"...",223980,"...",1145451,3510,"...",1148960,"...","...","...","...",2224,-9,2214,1151175
"623","Nursing and residential care facilities","...","...","...","...","...","...","...","...","...","...","...","...","...","...","...","...","...","...","...","...","...","...","...","...","...","...","...","...","...","...","...","...","...","...","...","...","...","...","...","...","...","...","...","...","...","...","...","...","...","...","...","...","...","...","...","...","...","...","...",254197,2553,"...","...","...","...","...","...","...","...","...","...",256750,"...","...",256750,"...","...","...","...",3028,"...",3028,259779
"624","Social assistance","...","...","...","...","...","...","...","...","...","...","...","...","...","...","...","...","...","...","...","...","...","...","...","...","...","...","...","...","...","...","...","...","...","...","...","...","...","...","...","...","...","...","...","...","...","...","...","...","...","...","...","...","...","...",57,"...","...","...","...",133,217469,"...",866,"...","...",366,"...","...","...",3583,"...",222473,"...","...",222473,"...","...","...","...",811,"...",811,223284
"711AS","Performing arts, spectator sports, museums, and related activities","...","...","...","...","...","...","...","...","...","...","...","...","...","...","...","...","...","...","...","...","...","...","...","...","...","...","...","...","...","...","...","...","...","...","...","...","...","...","...","...","...","...","...","...","...","...","...","...","...","...","...","...","...","...","...","...",1637,"...","...","...","...",174717,238,1565,"...","...",21,"...","...",3325,190,181693,1402,"...",183095,"...","...","...","...",6006,"...",6006,189101
"713","Amusements, gambling, and recreation industries",2914,"...","...","...","...","...","...","...","...","...","...","...","...","...","...","...","...","...","...","...","...","...","...","...","...","...","...",233,64,"...",285,"...","...",255,"...","...","...","...","...","...",71,"...","...","...","...","...","...","...","...","...","...","...","...","...","...","...","...","...","...","...","...",3101,129021,30860,1265,"...","...","...","...",2848,34218,205135,"...","...",205135,"...","...","...","...",9172,"...",9172,214307
"721","Accommodation","...","...","...","...","...","...","...","...","...","...","...","...","...","...","...","...","...","...","...","...","...","...","...","...","...","...","...","...","...","...","...","...","...","...","...","...","...","...","...","...","...","...","...","...","...","...","...","...",17,"...","...","...","...","...","...","...",27365,"...","...","...","...",9,445,177433,182,"...","...","...","...",10742,"...",216192,"...","...",216192,"...","...","...","...",18446,"...",18446,234638
"722","Food services and drinking places","...","...","...","...","...","...","...","...","...","...","...","...","...","...","...","...","...","...","...","...","...","...","...","...","...","...","...","...",18672,8533,17315,"...","...","...","...","...","...",78,"...","...","...","...","...","...","...","...","...","...","...","...","...","...","...","...","...","...",10747,208,2560,345,"...",4086,13986,44032,803730,3701,"...","...",1528,19722,"...",949244,"...","...",949244,"...","...","...","...",60550,"...",60550,1009794
"81","Other services, except government","...","...","...","...","...","...","...","...","...","...",119,"...","...","...","...","...","...","...","...","...","...","...","...","...","...","...",64551,80833,24,4049,17408,"...","...","...","...","...","...",1189,"...","...","...",2584,"...","...","...","...","...","...",57,1988,"...",2088,2612,"...","...","...",16,"...","...","...","...",377,1163,1781,"...",710384,"...","...",0,1207,3490,895920,5373,"...",901293,"...","...","...",1,20638,"...",20639,921932
"GFGD","Federal general government (defense)","...","...","...","...","...","...","...","...","...","...","...","...","...","...","...","...","...","...","...","...","...","...","...","...","...","...","...","...","...","...","...","...","...","...","...","...","...","...","...","...","...","...","...","...","...","...","...","...","...","...","...","...","...","...","...","...","...","...","...","...","...","...","...","...","...","...",637399,"...","...","...","...",637399,"...","...",637399,"...","...","...","...",0,"...",0,637399
"GFGN","Federal general government (nondefense)","...","...","...","...","...","...","...","...","...","...","...","...","...","...","...","...","...","...","...","...","...","...","...","...","...","...","...","...","...","...","...","...","...","...","...","...","...","...","...","...","...","...","...","...","...","...","...","...","...","...","...","...","...","...","...","...","...","...","...","...","...","...","...","...","...","...","...",419506,"...","...","...",419506,"...","...",419506,"...","...","...","...",0,"...",0,419506
"GFE","Federal government enterprises","...","...","...","...","...","...","...","...","...","...","...","...","...","...","...","...","...","...","...","...","...","...","...","...","...","...","...","...","...","...","...","...","...","...","...","...","...","...","...","...","...","...","...","...","...","...","...","...","...","...","...","...","...","...","...","...","...","...","...","...","...","...","...","...","...","...","...",553,70307,"...","...",70860,294,"...",71154,"...","...","...","...",0,"...",0,71154
"GSLG","State and local general government","...","...","...","...","...","...","...","...","...","...","...","...","...","...","...","...","...","...","...","...","...","...","...","...","...","...","...","...","...","...","...","...","...","...","...","...","...","...","...","...","...","...","...","...","...","...","...","...","...","...","...","...","...","...","...","...","...","...","...","...","...","...","...","...","...","...","...","...","...",1847409,"...",1847409,"...","...",1847409,"...","...","...","...",0,"...",0,1847409
"GSLE","State and local government enterprises","...","...","...","...","...",1863,"...","...","...","...","...","...","...","...","...","...","...","...","...","...","...","...","...","...","...","...","...","...","...","...","...","...","...","...","...","...","...","...","...","...","...","...","...","...","...","...","...","...","...","...","...","...","...","...","...","...","...","...","...","...","...","...","...","...","...","...","...","...","...","...",108344,110207,"...","...",110207,"...","...","...","...",0,"...",0,110207
"Other","Noncomparable imports and rest-of-the-world adjustment","...","...","...","...","...","...","...","...","...","...","...","...","...","...","...","...","...","...","...","...","...","...","...","...","...","...","...","...","...","...","...","...","...","...","...","...","...","...","...","...","...","...","...","...","...","...","...","...","...","...","...","...","...","...","...","...","...","...","...","...","...","...","...","...","...","...","...",3273,"...","...","...",3273,289659,"...",292932,"...","...","...","...",0,"...",0,292932
"Used","Scrap, used and secondhand goods","...","...","...","...","...","...","...",57,8,800,1128,184,0,0,999,81,"...",0,3,0,0,374,62,"...","...",74,"...","...","...","...","...","...","...","...","...","...","...","...","...","...","...","...","...","...","...","...","...","...","...","...","...","...","...","...","...",613,"...","...","...","...","...","...","...","...",184,"...","...","...","...",4195,"...",8765,16471,"...",25236,117934,36654,154587,43,15947,"...",15990,195814
"T017","Total industry supply",401286,56822,400500,103110,105782,478267,1606556,116000,132985,256247,394920,399290,377043,136269,754017,344446,77561,177483,951994,56841,19939,189687,83071,652649,833181,234720,1809174,271301,228267,201000,940468,215075,87122,53057,366758,77365,52289,250737,140133,365496,161944,840586,427592,985378,670722,1162471,166346,2252741,1368337,328022,347590,467302,1533394,634152,984875,104186,368652,1098330,940571,256002,220747,195849,150787,261754,808658,726152,665002,444028,98365,2405731,375884,35851057,2858613,-19822,38689848,0,0,0,53221,753380,-64396,742205,39432054
